Workbook

Sheet Sheet1
A1: Numeric ID | B1: Cycle | C1: Frame | D1: Time (moment) | E1: MR area cm2 | F1: MR VC mm | G1: LA area cm2 | H1: LA length cm | I1: MV tenting height mm | J1: MV annulus mm | K1: LV area cm2 | L1: LV length cm | M1: RR interval msec
A2: 1 | B2: 1 | C2: 1 | D2: 1 | E2: 0.6 | F2: 2.8 | G2: 15.7 | I2: 3.8 | J2: 31.2 | K2: 46.5 | M2: 898
A3: 1 | B3: 1 | C3: 2 | D3: 2 | E3: 2.3 | F3: 3.9 | G3: 18 | I3: 5.1 | J3: 30.4 | K3: 43.5 | M3: 898
A4: 1 | B4: 1 | C4: 3 | D4: 3 | E4: 1.7 | F4: 2.7 | G4: 20.5 | I4: 4.3 | J4: 35.1 | K4: 41.6 | M4: 898
A5: 1 | B5: 1 | C5: 4 | D5: 4 | E5: 2.5 | F5: 3.8 | G5: 21.8 | I5: 3 | J5: 32.2 | K5: 39.4 | M5: 898
A6: 1 | B6: 1 | C6: 5 | D6: 5 | E6: 2.6 | F6: 2.8 | G6: 23 | I6: 3.5 | J6: 34 | K6: 41.2 | M6: 898
A7: 1 | B7: 2 | C7: 1 | D7: 6 | E7: 7.5 | F7: 2.6 | G7: 17.3 | I7: 16.6 | J7: 31.1 | K7: 46.7 | M7: 878
A8: 1 | B8: 2 | C8: 2 | D8: 7 | E8: 2.6 | F8: 2.2 | G8: 16.5 | I8: 5.2 | J8: 33 | K8: 46.3 | M8: 878
A9: 1 | B9: 2 | C9: 3 | D9: 8 | E9: 0.5 | F9: 3 | G9: 17.2 | I9: 5.5 | J9: 29.9 | K9: 44.9 | M9: 878
A10: 1 | B10: 2 | C10: 4 | D10: 9 | E10: 1.4 | F10: 2.8 | G10: 18.6 | I10: 4.8 | J10: 28.2 | K10: 41 | M10: 878
A11: 1 | B11: 2 | C11: 5 | D11: 10 | E11: 1.1 | F11: 2.6 | G11: 21.4 | I11: 4.4 | J11: 29.1 | K11: 40.5 | M11: 878
A12: 1 | B12: 2 | C12: 6 | D12: 11 | E12: 1.8 | F12: 2.3 | G12: 21.8 | I12: 4.4 | J12: 27.8 | K12: 41.3 | M12: 878
A13: 1 | B13: 3 | C13: 1 | D13: 12 | E13: 4.3 | F13: 3.5 | G13: 15.6 | I13: 22.6 | J13: 28 | K13: 46.3 | M13: 898
... A74: 4 | B74: 1 | C74: 1 | D74: 1 | E74: 2.46 | F74: 3.1 | G74: 22.5 | I74: 4.2 | J74: 35.2 | K74: 20.83 | M74: 689
A75: 4 | B75: 2 | C75: 1 | D75: 2 | E75: 2.6 | F75: 2.2 | G75: 20.3 | J75: 32.2 | K75: 18.2 | M75: 820
A76: 4 | B76: 2 | C76: 2 | D76: 3 | E76: 2.5 | F76: 3.1 | G76: 20.9 | J76: 34.9 | K76: 17.4 | M76: 820
A77: 4 | B77: 2 | C77: 3 | D77: 4 | E77: 1.2 | F77: 2.9 | G77: 20.1 | J77: 33.4 | K77: 16.1 | M77: 820
A78: 4 | B78: 2 | C78: 4 | D78: 5 | E78: 0.7 | F78: 1.4 | G78: 22.8 | J78: 32.2 | K78: 13.4 | M78: 820
A79: 4 | B79: 3 | C79: 1 | D79: 6 | E79: 3.25 | F79: 3.4 | G79: 23.1 | I79: 4.2 | J79: 35.3 | K79: 24.5 | M79: 712
A80: 4 | B80: 4 | C80: 1 | D80: 7 | E80: 3.29 | F80: 2.6 | G80: 23.23 | I80: 4 | J80: 36.6 | K80: 24.1 | M80: 775
A81: 4 | B81: 5 | C81: 1 | D81: 8 | E81: 2.6 | F81: 3.5 | G81: 24 | I81: 3.9 | J81: 35.5 | K81: 20.7 | M81: 721
A82: 4 | B82: 6 | C82: 1 | D82: 9 | E82: 3.32 | F82: 3.2 | G82: 23.7 | I82: 3.3 | J82: 34.2 | K82: 23.2 | M82: 939
A83: 4 | B83: 7 | C83: 1 | D83: 10 | E83: 3.58 | F83: 3.9 | G83: 23.5 | I83: 3.8 | J83: 34.6 | K83: 25.9 | M83: 915
A84: 4 | B84: 8 | C84: 1 | D84: 11 | E84: 3.74 | F84: 2.6 | G84: 23.4 | I84: 3.4 | J84: 35 | K84: 23.2 | M84: 948
A85: 4 | B85: 9 | C85: 1 | D85: 12 | E85: 3.56 | F85: 2.5 | G85: 23.6 | I85: 4.4 | J85: 33.2 | K85: 21.9 | M85: 867
A86: 4 | B86: 10 | C86: 1 | D86: 13 | E86: 3.43 | F86: 2.9 | G86: 24.3 | I86: 4.1 | J86: 33.6 | K86: 20.5 | M86: 599
A87: 5 | B87: 1 | C87: 1 | D87: 1 | E87: 1.3 | F87: 2 | G87: 24 | I87: 9.3 | J87: 38.7 | K87: 29.9 | M87: 956
A88: 5 | B88: 2 | C88: 1 | D88: 2 | E88: 0.3 | F88: 1.6 | G88: 21.2 | J88: 35.5 | K88: 29.7 | M88: 938
A89: 5 | B89: 2 | C89: 2 | D89: 3 | E89: 0.5 | F89: 1.8 | G89: 22.5 | J89: 39.1 | K89: 31.6 | M89: 938
A90: 5 | B90: 2 | C90: 3 | D90: 4 | E90: 0.8 | F90: 2.1 | G90: 23.5 | J90: 36.2 | K90: 28.3 | M90: 938
A91: 5 | B91: 2 | C91: 4 | D91: 5 | E91: 1.5 | F91: 2.4 | G91: 24.7 | J91: 33.1 | K91: 24.4 | M91: 938
A92: 5 | B92: 2 | C92: 5 | D92: 6 | E92: 1.2 | F92: 2.5 | G92: 26.6 | J92: 32 | K92: 21 | M92: 938
A93: 5 | B93: 2 | C93: 6 | D93: 7 | E93: 5.5 | F93: 4.5 | G93: 28.5 | J93: 34.9 | K93: 23.2 | M93: 938
A94: 5 | B94: 3 | C94: 1 | D94: 8 | E94: 1.5 | F94: 2.6 | G94: 22 | I94: 9 | J94: 31.1 | K94: 28.5 | M94: 952
A95: 5 | B95: 4 | C95: 1 | D95: 9 | E95: 1.2 | F95: 2.5 | G95: 23.4 | I95: 7.4 | J95: 29.7 | K95: 29.5 | M95: 938
A96: 4 | B96: 1 | C96: 1 | D96: 1 | E96: 6.9 | F96: 3.93 | G96: 27.8 | I96: 6.1 | J96: 37.6 | K96: 25.7 | M96: 457
A97: 4 | B97: 2 | C97: 1 | D97: 8 | E97: 0.8 | F97: 2.3 | G97: 24.5 | J97: 36.2 | K97: 26.7 | M97: 505
A98: 4 | B98: 2 | C98: 2 | D98: 9 | E98: 5.3 | F98: 3 | G98: 23.5 | J98: 36.5 | K98: 26.8 | M98: 505
A99: 4 | B99: 2 | C99: 3 | D99: 10 | E99: 3.8 | F99: 3.5 | G99: 24.8 | J99: 37.1 | K99: 25.9 | M99: 505
A100: 4 | B100: 2 | C100: 4 | D100: 11 | E100: 5.7 | F100: 3.9 | G100: 24.5 | J100: 36.8 | K100: 23.6 | M100: 505
A101: 4 | B101: 2 | C101: 5 | D101: 12 | E101: 6 | F101: 4 | G101: 24.7 | J101: 36.6 | K101: 22.8 | M101: 505
A102: 4 | B102: 3 | C102: 1 | D102: 13 | E102: 1.6 | F102: 2.2 | G102: 24.6 | I102: 5.2 | J102: 32 | K102: 25.1 | M102: 422
A103: 4 | B103: 4 | C103: 1 | D103: 20 | E103: 1.7 | F103: 1.9 | G103: 23.7 | I103: 4 | J103: 25 | K103: 37.5 | M103: 610
A104: 4 | B104: 5 | C104: 1 | D104: 22 | E104: 3.6 | F104: 2.6 | G104: 24.5 | I104: 3.7 | J104: 32.1 | K104: 28.1 | M104: 549
A105: 4 | B105: 6 | C105: 1 | D105: 27 | E105: 5.56 | F105: 3.11 | G105: 25.4 | I105: 4.8 | J105: 37 | K105: 27.11 | M105: 401
A106: 4 | B106: 7 | C106: 1 | D106: 34 | E106: 6.16 | F106: 3.56 | G106: 26.5 | I106: 4.3 | J106: 35 | K106: 21.6 | M106: 401
A107: 4 | B107: 8 | C107: 1 | D107: 39 | E107: 4.72 | F107: 4 | G107: 26 | I107: 3.3 | J107: 37 | K107: 27.6 | M107: 396
A108: 4 | B108: 9 | C108: 1 | D108: 45 | E108: 5.79 | F108: 3.2 | G108: 26.4 | I108: 3.1 | J108: 37.6 | K108: 25.3 | M108: 384
A109: 4 | B109: 10 | C109: 1 | D109: 51 | E109: 3.92 | F109: 2.3 | G109: 26 | I109: 3.8 | J109: 35.3 | K109: 27.3 | M109: 443
A110: 5 | B110: 1 | C110: 1 | D110: 1 | E110: 5.5 | F110: 3.8 | G110: 21.2 | I110: 4.4 | J110: 32.9 | K110: 25.4 | M110: 745
A111: 5 | B111: 2 | C111: 1 | D111: 2 | E111: 1.7 | F111: 2 | G111: 16.5 | J111: 31.3 | K111: 20.9 | M111: 558
A112: 5 | B112: 2 | C112: 2 | D112: 3 | E112: 1.1 | F112: 2.4 | G112: 17.8 | J112: 31.4 | K112: 20.2 | M112: 558
A113: 5 | B113: 2 | C113: 3 | D113: 4 | E113: 0.9 | F113: 2.1 | G113: 17.5 | J113: 31.3 | K113: 18.5 | M113: 558
A114: 5 | B114: 2 | C114: 4 | D114: 5 | E114: 2.5 | F114: 2.7 | G114: 17.9 | J114: 31.1 | K114: 16.7 | M114: 558
A115: 5 | B115: 2 | C115: 5 | D115: 6 | E115: 2.9 | F115: 3.1 | G115: 18.4 | J115: 32.6 | K115: 16.6 | M115: 558
A116: 5 | B116: 3 | C116: 1 | D116: 7 | E116: 4 | F116: 3.5 | G116: 20.6 | I116: 3.3 | J116: 35.5 | K116: 24.3 | M116: 677
A117: 5 | B117: 4 | C117: 1 | D117: 8 | E117: 3.4 | F117: 2.8 | G117: 20.2 | I117: 2.1 | J117: 33.8 | K117: 18.8 | M117: 470
A118: 5 | B118: 5 | C118: 1 | D118: 9 | E118: 5.7 | F118: 4.6 | G118: 20.7 | I118: 2.7 | J118: 33.5 | K118: 18.7 | M118: 420
A119: 5 | B119: 6 | C119: 1 | D119: 10 | E119: 5.5 | F119: 3.5 | G119: 21.7 | I119: 2 | J119: 34.8 | K119: 15 | M119: 441
A120: 5 | B120: 7 | C120: 1 | D120: 11 | E120: 5.4 | F120: 4.7 | G120: 21.3 | I120: 3.3 | J120: 33.9 | K120: 20.5 | M120: 677
A121: 5 | B121: 8 | C121: 1 | D121: 12 | E121: 2.5 | F121: 3.3 | G121: 20.1 | I121: 2.9 | J121: 31.9 | K121: 19 | M121: 582
A122: 5 | B122: 9 | C122: 1 | D122: 13 | E122: 2.7 | F122: 3.5 | G122: 19.7 | I122: 2.6 | J122: 35.1 | K122: 23.2 | M122: 670
A123: 5 | B123: 10 | C123: 1 | D123: 14 | E123: 3.3 | F123: 3.3 | G123: 18.2 | I123: 3.4 | J123: 33.3 | K123: 16.5 | M123: 461
A124: 6 | B124: 1 | C124: 2 | D124: 1 | E124: 1.9 | F124: 2.2 | G124: 24 | I124: 4.3 | J124: 27.2 | K124: 23.5 | M124: 1281
A125: 6 | B125: 2 | C125: 1 | D125: 2 | E125: 2.8 | F125: 2.3 | G125: 23.1 | I125: 5 | J125: 26.9 | K125: 24.2 | M125: 947
A126: 6 | B126: 2 | C126: 2 | D126: 3 | E126: 1.6 | F126: 1.9 | G126: 22.6 | J126: 23.1 | K126: 22.6 | M126: 947
A127: 6 | B127: 2 | C127: 3 | D127: 4 | E127: 1.3 | F127: 1.3 | G127: 24.2 | J127: 25.2 | K127: 20.9 | M127: 947
A128: 6 | B128: 3 | C128: 2 | D128: 5 | E128: 0.2 | F128: 1.9 | G128: 20.1 | I128: 6 | J128: 26.4 | K128: 20 | M128: 1050
A129: 6 | B129: 4 | C129: 1 | D129: 6 | E129: 4.6 | F129: 2.2 | G129: 21.1 | I129: 5.2 | J129: 26.8 | K129: 20.4 | M129: 1123
A130: 6 | B130: 5 | C130: 1 | D130: 7 | E130: 3.2 | F130: 1.8 | G130: 24.5 | I130: 7.8 | J130: 28.6 | K130: 25.8 | M130: 699
A131: 6 | B131: 6 | C131: 1 | D131: 8 | E131: 4.6 | F131: 1.6 | G131: 24.3 | I131: 5.5 | J131: 25.7 | K131: 23.3 | M131: 1011
A132: 6 | B132: 7 | C132: 2 | D132: 9 | E132: 0.4 | F132: 1.9 | G132: 21.1 | I132: 6.4 | J132: 28.3 | K132: 20.9 | M132: 989
A133: 6 | B133: 8 | C133: 1 | D133: 10 | E133: 4.3 | F133: 1.9 | G133: 21.1 | I133: 7.9 | J133: 24.2 | K133: 22.1 | M133: 1209
A134: 6 | B134: 9 | C134: 2 | D134: 11 | E134: 1.9 | F134: 1.8 | G134: 22.4 | I134: 5.8 | J134: 26.1 | K134: 22.2 | M134: 989
A135: 6 | B135: 10 | C135: 1 | D135: 12 | E135: 1.2 | F135: 2 | G135: 20.8 | I135: 6.9 | J135: 26 | K135: 24.4 | M135: 835
A136: 7 | B136: 1 | C136: 1 | D136: 1 | E136: 2.87 | F136: 3 | G136: 30.8 | I136: 3.7 | J136: 24.8 | K136: 22 | M136: 482
A137: 7 | B137: 2 | C137: 1 | D137: 2 | E137: 2.1 | F137: 4.1 | G137: 28.9 | J137: 31.2 | K137: 24.3 | M137: 796
A138: 7 | B138: 2 | C138: 2 | D138: 3 | E138: 2.2 | F138: 2.2 | G138: 26.8 | J138: 30.4 | K138: 25 | M138: 796
A139: 7 | B139: 2 | C139: 3 | D139: 4 | E139: 3.8 | F139: 2.1 | G139: 28.2 | J139: 31.4 | K139: 23.7 | M139: 796
A140: 7 | B140: 2 | C140: 4 | D140: 5 | E140: 2 | F140: 1.7 | G140: 26.9 | J140: 30.6 | K140: 21.6 | M140: 796
A141: 7 | B141: 2 | C141: 5 | D141: 6 | E141: 0.5 | F141: 1.3 | G141: 27.6 | J141: 28.8 | K141: 21.3 | M141: 796
A142: 7 | B142: 2 | C142: 6 | D142: 7 | E142: 0.5 | F142: 2.4 | G142: 25.4 | J142: 26.1 | K142: 20.4 | M142: 796
A143: 7 | B143: 3 | C143: 1 | D143: 8 | E143: 2.16 | F143: 3.1 | G143: 25.8 | I143: 3.3 | J143: 24.2 | K143: 17.2 | M143: 530
A144: 8 | B144: 1 | C144: 1 | D144: 1 | E144: 2.42 | F144: 2.8 | G144: 34.42 | I144: 7 | J144: 37.2 | K144: 24.48 | M144: 1043
A145: 8 | B145: 2 | C145: 1 | D145: 2 | E145: 2 | F145: 4.4 | G145: 37.8 | J145: 31.4 | K145: 24 | M145: 1006
A146: 8 | B146: 2 | C146: 2 | D146: 3 | E146: 2.3 | F146: 5.1 | G146: 37.3 | J146: 33.7 | K146: 23.2 | M146: 1006
A147: 8 | B147: 2 | C147: 3 | D147: 4 | E147: 2.9 | F147: 3.3 | G147: 36.6 | J147: 34.7 | K147: 22.8 | M147: 1006
A148: 8 | B148: 2 | C148: 4 | D148: 5 | E148: 1.5 | F148: 1.9 | G148: 37.4 | J148: 34.6 | K148: 20.1 | M148: 1006
A149: 8 | B149: 2 | C149: 5 | D149: 6 | E149: 0.75 | F149: 1 | G149: 38.7 | J149: 33.5 | K149: 19.7 | M149: 1006
A150: 8 | B150: 2 | C150: 6 | D150: 7 | E150: 0.8 | F150: 2.7 | G150: 38.3 | J150: 30.8 | K150: 18.8 | M150: 1006
A151: 8 | B151: 2 | C151: 7 | D151: 8 | E151: 0.58 | F151: 2.2 | G151: 38.6 | J151: 29.8 | K151: 17.4 | M151: 1006
A152: 8 | B152: 3 | C152: 1 | D152: 9 | E152: 2.21 | F152: 3.34 | G152: 38.2 | I152: 6.3 | J152: 29.1 | K152: 23.9 | M152: 1065
A153: 8 | B153: 4 | C153: 1 | D153: 10 | E153: 2.29 | F153: 2.72 | G153: 40.9 | I153: 6.1 | J153: 34.6 | K153: 26.49 | M153: 1064
A154: 8 | B154: 5 | C154: 1 | D154: 11 | E154: 2.57 | F154: 3.23 | G154: 35.9 | I154: 7 | J154: 33.4 | K154: 21.31 | M154: 747
A155: 8 | B155: 6 | C155: 1 | D155: 12 | E155: 2.39 | F155: 3.32 | G155: 40.6 | I155: 5.8 | J155: 32.5 | K155: 23.5 | M155: 1231
A156: 8 | B156: 7 | C156: 1 | D156: 13 | E156: 2.63 | F156: 3.28 | G156: 38.7 | I156: 6.8 | J156: 32.2 | K156: 22.53 | M156: 1222
A157: 8 | B157: 8 | C157: 1 | D157: 14 | E157: 3 | F157: 3.3 | G157: 39.14 | I157: 6.3 | J157: 31.5 | K157: 23.3 | M157: 1042
A158: 8 | B158: 9 | C158: 1 | D158: 15 | E158: 2.23 | F158: 3.17 | G158: 36.7 | I158: 7 | J158: 32.7 | K158: 22.9 | M158: 698
A159: 8 | B159: 10 | C159: 1 | D159: 16 | E159: 1.88 | F159: 2.5 | G159: 40.8 | I159: 6 | J159: 33.2 | K159: 23 | M159: 1078
A160: 9 | B160: 1 | C160: 1 | D160: 1 | E160: 3.6 | F160: 2.7 | G160: 25.11 | I160: 6 | J160: 29.5 | K160: 26.17 | M160: 1123
...

Sheet Sheet2
A1: Numeric ID | B1: Cycle | C1: Frame | D1: Time (moment) | E1: MR area cm2 | F1: MR VC mm | G1: LA area cm2 | I1: MV tenting height mm | J1: MV annulus mm | K1: LV area cm2 | M1: RR interval msec
A2: =Sheet1!A2 -> 1 | B2: =Sheet1!B2 -> 1 | E2: =AVERAGE(Sheet1!E2:E6) -> 1.94 | F2: =AVERAGE(Sheet1!F2:F6) -> 3.2 | G2: =AVERAGE(Sheet1!G2:G6) -> 19.8 | I2: =AVERAGE(Sheet1!I2:I6) -> 3.94 | J2: =AVERAGE(Sheet1!J2:J6) -> 32.58 | K2: =AVERAGE(Sheet1!K2:K6) -> 42.44 | M2: =AVERAGE(Sheet1!M2:M6) -> 898
A3: =Sheet1!A3 -> 1 | B3: 2 | E3: =AVERAGE(Sheet1!E7:E12) -> 2.4833333 | F3: =AVERAGE(Sheet1!F7:F12) -> 2.5833333 | G3: =AVERAGE(Sheet1!G7:G12) -> 18.8 | I3: =AVERAGE(Sheet1!I7:I12) -> 6.8166667 | J3: =AVERAGE(Sheet1!J7:J12) -> 29.85 | K3: =AVERAGE(Sheet1!K7:K12) -> 43.45 | M3: =AVERAGE(Sheet1!M7:M12) -> 878
A4: =Sheet1!A4 -> 1 | B4: 3 | E4: =AVERAGE(Sheet1!E13:E18) -> 1.8 | F4: =AVERAGE(Sheet1!F13:F18) -> 2.5333333 | G4: =AVERAGE(Sheet1!G13:G18) -> 17.783333 | I4: =AVERAGE(Sheet1!I13:I18) -> 7.95 | J4: =AVERAGE(Sheet1!J13:J18) -> 30.616667 | K4: =AVERAGE(Sheet1!K13:K18) -> 42.416667 | M4: =AVERAGE(Sheet1!M13:M18) -> 898
A5: =Sheet1!A5 -> 1 | B5: 4 | E5: =AVERAGE(Sheet1!E19:E23) -> 1.4 | F5: =AVERAGE(Sheet1!F19:F23) -> 2.28 | G5: =AVERAGE(Sheet1!G19:G23) -> 17.72 | I5: =AVERAGE(Sheet1!I19:I23) -> 4.42 | J5: =AVERAGE(Sheet1!J19:J23) -> 29.4 | K5: =AVERAGE(Sheet1!K19:K23) -> 41.94 | M5: =AVERAGE(Sheet1!M19:M23) -> 869
A6: =Sheet1!A6 -> 1 | B6: 5 | E6: =AVERAGE(Sheet1!E24:E27) -> 1.725 | F6: =AVERAGE(Sheet1!F24:F27) -> 2.875 | G6: =AVERAGE(Sheet1!G24:G27) -> 17.525 | I6: =AVERAGE(Sheet1!I24:I27) -> 4.65 | J6: =AVERAGE(Sheet1!J24:J27) -> 32 | K6: =AVERAGE(Sheet1!K24:K27) -> 41.7 | M6: =AVERAGE(Sheet1!M24:M27) -> 827
A7: =Sheet1!A7 -> 1 | B7: 6 | E7: =AVERAGE(Sheet1!E28:E31) -> 1.425 | F7: =AVERAGE(Sheet1!F28:F31) -> 2.575 | G7: =AVERAGE(Sheet1!G28:G31) -> 18.05 | I7: =AVERAGE(Sheet1!I28:I31) -> 4.25 | J7: =AVERAGE(Sheet1!J28:J31) -> 33.275 | K7: =AVERAGE(Sheet1!K28:K31) -> 41.225 | M7: =AVERAGE(Sheet1!M28:M31) -> 827
A8: =Sheet1!A8 -> 1 | B8: 7 | E8: =AVERAGE(Sheet1!E32:E37) -> 2.35 | F8: =AVERAGE(Sheet1!F32:F37) -> 2.2333333 | G8: =AVERAGE(Sheet1!G32:G37) -> 15.75 | I8: =AVERAGE(Sheet1!I32:I37) -> 6.2833333 | J8: =AVERAGE(Sheet1!J32:J37) -> 29.9 | K8: =AVERAGE(Sheet1!K32:K37) -> 42.716667 | M8: =AVERAGE(Sheet1!M32:M37) -> 827
A9: =Sheet1!A9 -> 1 | B9: 8 | E9: =AVERAGE(Sheet1!E38:E43) -> 1.8166667 | F9: =AVERAGE(Sheet1!F38:F43) -> 2.4166667 | G9: =AVERAGE(Sheet1!G38:G43) -> 15.783333 | I9: =AVERAGE(Sheet1!I38:I43) -> 5.4833333 | J9: =AVERAGE(Sheet1!J38:J43) -> 29.85 | K9: =AVERAGE(Sheet1!K38:K43) -> 43.016667 | M9: =AVERAGE(Sheet1!M38:M43) -> 827
A10: =Sheet1!A10 -> 1 | B10: 9 | E10: =AVERAGE(Sheet1!E44:E47) -> 1.5 | F10: =AVERAGE(Sheet1!F44:F47) -> 2.225 | G10: =AVERAGE(Sheet1!G44:G47) -> 17.125 | I10: =AVERAGE(Sheet1!I44:I47) -> 3.825 | J10: =AVERAGE(Sheet1!J44:J47) -> 30.6 | K10: =AVERAGE(Sheet1!K44:K47) -> 42.1 | M10: =AVERAGE(Sheet1!M44:M47) -> 803
A11: =Sheet1!A11 -> 1 | B11: 10 | E11: =AVERAGE(Sheet1!E48:E53) -> 2.5 | F11: =AVERAGE(Sheet1!F48:F53) -> 2.1333333 | G11: =AVERAGE(Sheet1!G48:G53) -> 18.9 | I11: =AVERAGE(Sheet1!I48:I53) -> 7.2666667 | J11: =AVERAGE(Sheet1!J48:J53) -> 31.383333 | K11: =AVERAGE(Sheet1!K48:K53) -> 43.333333 | M11: =AVERAGE(Sheet1!M48:M53) -> 783
A12: 2 | B12: =Sheet1!B54 -> 1 | E12: =Sheet1!E54 -> 9.4 | F12: =Sheet1!F54 -> 4 | G12: =Sheet1!G54 -> 21.5 | I12: =Sheet1!I54 -> 15 | J12: =Sheet1!J54 -> 32 | K12: =Sheet1!K54 -> 71.2 | M12: =Sheet1!M54 -> 902
A13: 2 | B13: =Sheet1!B55 -> 2 | E13: =Sheet1!E55 -> 12 | F13: =Sheet1!F55 -> 9 | G13: =Sheet1!G55 -> 20.9 | I13: =Sheet1!I55 -> 17 | J13: =Sheet1!J55 -> 32 | K13: =Sheet1!K55 -> 69.4 | M13: =Sheet1!M55 -> 898
A14: 2 | B14: =Sheet1!B56 -> 3 | E14: =Sheet1!E56 -> 13.7 | F14: =Sheet1!F56 -> 8 | G14: =Sheet1!G56 -> 20.5 | I14: =Sheet1!I56 -> 15 | J14: =Sheet1!J56 -> 32 | K14: =Sheet1!K56 -> 75.4 | M14: =Sheet1!M56 -> 910
A15: 2 | B15: =Sheet1!B57 -> 4 | E15: =Sheet1!E57 -> 13.5 | F15: =Sheet1!F57 -> 6 | G15: =Sheet1!G57 -> 19.8 | I15: =Sheet1!I57 -> 17 | J15: =Sheet1!J57 -> 34 | K15: =Sheet1!K57 -> 61.8 | M15: =Sheet1!M57 -> 891
A16: 2 | B16: =Sheet1!B58 -> 5 | E16: =Sheet1!E58 -> 11.3 | F16: =Sheet1!F58 -> 8 | G16: =Sheet1!G58 -> 21.6 | I16: =Sheet1!I58 -> 17 | J16: =Sheet1!J58 -> 34 | K16: =Sheet1!K58 -> 69.6 | M16: =Sheet1!M58 -> 754
A17: 2 | B17: =Sheet1!B59 -> 6 | E17: =Sheet1!E59 -> 15.4 | F17: =Sheet1!F59 -> 6 | G17: =Sheet1!G59 -> 27.2 | I17: =Sheet1!I59 -> 15 | J17: =Sheet1!J59 -> 38 | K17: =Sheet1!K59 -> 69.9 | M17: =Sheet1!M59 -> 1028
A18: 2 | B18: =Sheet1!B60 -> 7 | E18: =Sheet1!E60 -> 7.1 | F18: =Sheet1!F60 -> 5 | G18: =Sheet1!G60 -> 18.8 | I18: =Sheet1!I60 -> 18 | J18: =Sheet1!J60 -> 33 | K18: =Sheet1!K60 -> 70.4 | M18: =Sheet1!M60 -> 891
A19: 2 | B19: =Sheet1!B61 -> 8 | E19: =Sheet1!E61 -> 9.9 | F19: =Sheet1!F61 -> 7 | G19: =Sheet1!G61 -> 21.1 | I19: =Sheet1!I61 -> 23 | J19: =Sheet1!J61 -> 35 | K19: =Sheet1!K61 -> 71.2 | M19: =Sheet1!M61 -> 887
A20: 2 | B20: =Sheet1!B62 -> 9 | E20: =Sheet1!E62 -> 12.9 | F20: =Sheet1!F62 -> 6 | G20: =Sheet1!G62 -> 21.2 | I20: =Sheet1!I62 -> 19 | J20: =Sheet1!J62 -> 34 | K20: =Sheet1!K62 -> 72 | M20: =Sheet1!M62 -> 891
A21: 2 | B21: =Sheet1!B63 -> 10 | E21: =Sheet1!E63 -> 11 | F21: =Sheet1!F63 -> 6 | G21: =Sheet1!G63 -> 21.4 | I21: =Sheet1!I63 -> 21 | J21: =Sheet1!J63 -> 35 | K21: =Sheet1!K63 -> 70 | M21: =Sheet1!M63 -> 894
A22: 3 | B22: =Sheet1!B64 -> 1 | E22: =Sheet1!E64 -> 1.7 | F22: =Sheet1!F64 -> 2 | G22: =Sheet1!G64 -> 11.6 | I22: =Sheet1!I64 -> 7 | J22: =Sheet1!J64 -> 32 | K22: =Sheet1!K64 -> 37.3 | M22: =Sheet1!M64 -> 1047
A23: 3 | B23: =Sheet1!B65 -> 2 | E23: =Sheet1!E65 -> 3.1 | F23: =Sheet1!F65 -> 2 | G23: =Sheet1!G65 -> 11.8 | I23: =Sheet1!I65 -> 6 | J23: =Sheet1!J65 -> 33 | K23: =Sheet1!K65 -> 36.8 | M23: =Sheet1!M65 -> 1054
... A32: 4 | B32: =Sheet1!B74 -> 1 | E32: =Sheet1!E74 -> 2.46 | F32: =Sheet1!F74 -> 3.1 | G32: =Sheet1!G74 -> 22.5 | I32: =Sheet1!I74 -> 4.2 | J32: =Sheet1!J74 -> 35.2 | K32: =Sheet1!K74 -> 20.83 | M32: =Sheet1!M74 -> 689
A33: 4 | B33: =Sheet1!B75 -> 2 | E33: =AVERAGE(Sheet1!E75:E78) -> 1.75 | F33: =AVERAGE(Sheet1!F75:F78) -> 2.4 | G33: =AVERAGE(Sheet1!G75:G78) -> 21.025 | I33: =AVERAGE(Sheet1!I75:I78) -> #DIV/0! | J33: =AVERAGE(Sheet1!J75:J78) -> 33.175 | K33: =AVERAGE(Sheet1!K75:K78) -> 16.275 | M33: =AVERAGE(Sheet1!M75:M78) -> 820
A34: 4 | B34: =Sheet1!B79 -> 3 | E34: =Sheet1!E79 -> 3.25 | F34: =Sheet1!F79 -> 3.4 | G34: =Sheet1!G79 -> 23.1 | I34: =Sheet1!I79 -> 4.2 | J34: =Sheet1!J79 -> 35.3 | K34: =Sheet1!K79 -> 24.5 | M34: =Sheet1!M79 -> 712
A35: 4 | B35: =Sheet1!B80 -> 4 | E35: =Sheet1!E80 -> 3.29 | F35: =Sheet1!F80 -> 2.6 | G35: =Sheet1!G80 -> 23.23 | I35: =Sheet1!I80 -> 4 | J35: =Sheet1!J80 -> 36.6 | K35: =Sheet1!K80 -> 24.1 | M35: =Sheet1!M80 -> 775
A36: 4 | B36: =Sheet1!B81 -> 5 | E36: =Sheet1!E81 -> 2.6 | F36: =Sheet1!F81 -> 3.5 | G36: =Sheet1!G81 -> 24 | I36: =Sheet1!I81 -> 3.9 | J36: =Sheet1!J81 -> 35.5 | K36: =Sheet1!K81 -> 20.7 | M36: =Sheet1!M81 -> 721
A37: 4 | B37: =Sheet1!B82 -> 6 | E37: =Sheet1!E82 -> 3.32 | F37: =Sheet1!F82 -> 3.2 | G37: =Sheet1!G82 -> 23.7 | I37: =Sheet1!I82 -> 3.3 | J37: =Sheet1!J82 -> 34.2 | K37: =Sheet1!K82 -> 23.2 | M37: =Sheet1!M82 -> 939
A38: 4 | B38: =Sheet1!B83 -> 7 | E38: =Sheet1!E83 -> 3.58 | F38: =Sheet1!F83 -> 3.9 | G38: =Sheet1!G83 -> 23.5 | I38: =Sheet1!I83 -> 3.8 | J38: =Sheet1!J83 -> 34.6 | K38: =Sheet1!K83 -> 25.9 | M38: =Sheet1!M83 -> 915
A39: 4 | B39: =Sheet1!B84 -> 8 | E39: =Sheet1!E84 -> 3.74 | F39: =Sheet1!F84 -> 2.6 | G39: =Sheet1!G84 -> 23.4 | I39: =Sheet1!I84 -> 3.4 | J39: =Sheet1!J84 -> 35 | K39: =Sheet1!K84 -> 23.2 | M39: =Sheet1!M84 -> 948
A40: 4 | B40: =Sheet1!B85 -> 9 | E40: =Sheet1!E85 -> 3.56 | F40: =Sheet1!F85 -> 2.5 | G40: =Sheet1!G85 -> 23.6 | I40: =Sheet1!I85 -> 4.4 | J40: =Sheet1!J85 -> 33.2 | K40: =Sheet1!K85 -> 21.9 | M40: =Sheet1!M85 -> 867
A41: 4 | B41: =Sheet1!B86 -> 10 | E41: =Sheet1!E86 -> 3.43 | F41: =Sheet1!F86 -> 2.9 | G41: =Sheet1!G86 -> 24.3 | I41: =Sheet1!I86 -> 4.1 | J41: =Sheet1!J86 -> 33.6 | K41: =Sheet1!K86 -> 20.5 | M41: =Sheet1!M86 -> 599
A42: 5 | B42: =Sheet1!B87 -> 1 | E42: =Sheet1!E87 -> 1.3 | F42: =Sheet1!F87 -> 2 | G42: =Sheet1!G87 -> 24 | I42: =Sheet1!I87 -> 9.3 | J42: =Sheet1!J87 -> 38.7 | K42: =Sheet1!K87 -> 29.9 | M42: =Sheet1!M87 -> 956
A43: 5 | B43: =Sheet1!B88 -> 2 | E43: =AVERAGE(Sheet1!E88:E93) -> 1.6333333 | F43: =AVERAGE(Sheet1!F88:F93) -> 2.4833333 | G43: =AVERAGE(Sheet1!G88:G93) -> 24.5 | I43: =AVERAGE(Sheet1!I88:I93) -> #DIV/0! | J43: =AVERAGE(Sheet1!J88:J93) -> 35.133333 | K43: =AVERAGE(Sheet1!K88:K93) -> 26.366667 | M43: =AVERAGE(Sheet1!M88:M93) -> 938
A44: 5 | B44: =Sheet1!B102 -> 3 | E44: =Sheet1!E94 -> 1.5 | F44: =Sheet1!F94 -> 2.6 | G44: =Sheet1!G94 -> 22 | I44: =Sheet1!I94 -> 9 | J44: =Sheet1!J94 -> 31.1 | K44: =Sheet1!K94 -> 28.5 | M44: =Sheet1!M94 -> 952
A45: 5 | B45: =Sheet1!B103 -> 4 | E45: =Sheet1!E95 -> 1.2 | F45: =Sheet1!F95 -> 2.5 | G45: =Sheet1!G95 -> 23.4 | I45: =Sheet1!I95 -> 7.4 | J45: =Sheet1!J95 -> 29.7 | K45: =Sheet1!K95 -> 29.5 | M45: =Sheet1!M95 -> 938
A46: 6 | B46: =Sheet1!B104 -> 5 | E46: =AVERAGE(Sheet1!E96) -> 6.9 | F46: =AVERAGE(Sheet1!F96) -> 3.93 | G46: =AVERAGE(Sheet1!G96) -> 27.8 | I46: =AVERAGE(Sheet1!I96) -> 6.1 | J46: =AVERAGE(Sheet1!J96) -> 37.6 | K46: =AVERAGE(Sheet1!K96) -> 25.7 | M46: =AVERAGE(Sheet1!M96) -> 457
A47: 6 | B47: =Sheet1!B105 -> 6 | E47: =AVERAGE(Sheet1!E97:E101) -> 4.32 | F47: =AVERAGE(Sheet1!F97:F101) -> 3.34 | G47: =AVERAGE(Sheet1!G97:G101) -> 24.4 | I47: =AVERAGE(Sheet1!I97:I101) -> #DIV/0! | J47: =AVERAGE(Sheet1!J97:J101) -> 36.64 | K47: =AVERAGE(Sheet1!K97:K101) -> 25.16 | M47: =AVERAGE(Sheet1!M97:M101) -> 505
A48: 6 | B48: =Sheet1!B106 -> 7 | E48: =Sheet1!E102 -> 1.6 | F48: =Sheet1!F102 -> 2.2 | G48: =Sheet1!G102 -> 24.6 | I48: =Sheet1!I102 -> 5.2 | J48: =Sheet1!J102 -> 32 | K48: =Sheet1!K102 -> 25.1 | M48: =Sheet1!M102 -> 422
A49: 6 | B49: =Sheet1!B107 -> 8 | E49: =Sheet1!E103 -> 1.7 | F49: =Sheet1!F103 -> 1.9 | G49: =Sheet1!G103 -> 23.7 | I49: =Sheet1!I103 -> 4 | J49: =Sheet1!J103 -> 25 | K49: =Sheet1!K103 -> 37.5 | M49: =Sheet1!M103 -> 610
A50: 6 | B50: =Sheet1!B108 -> 9 | E50: =Sheet1!E104 -> 3.6 | F50: =Sheet1!F104 -> 2.6 | G50: =Sheet1!G104 -> 24.5 | I50: =Sheet1!I104 -> 3.7 | J50: =Sheet1!J104 -> 32.1 | K50: =Sheet1!K104 -> 28.1 | M50: =Sheet1!M104 -> 549
A51: 6 | B51: =Sheet1!B109 -> 10 | E51: =Sheet1!E105 -> 5.56 | F51: =Sheet1!F105 -> 3.11 | G51: =Sheet1!G105 -> 25.4 | I51: =Sheet1!I105 -> 4.8 | J51: =Sheet1!J105 -> 37 | K51: =Sheet1!K105 -> 27.11 | M51: =Sheet1!M105 -> 401
A52: 7 | B52: =Sheet1!B110 -> 1 | E52: =Sheet1!E106 -> 6.16 | F52: =Sheet1!F106 -> 3.56 | G52: =Sheet1!G106 -> 26.5 | I52: =Sheet1!I106 -> 4.3 | J52: =Sheet1!J106 -> 35 | K52: =Sheet1!K106 -> 21.6 | M52: =Sheet1!M106 -> 401
A53: 7 | B53: =Sheet1!B111 -> 2 | E53: =AVERAGE(Sheet1!E111:E115) -> 1.82 | F53: =AVERAGE(Sheet1!F111:F115) -> 2.46 | G53: =AVERAGE(Sheet1!G111:G115) -> 17.62 | I53: =AVERAGE(Sheet1!I111:I115) -> #DIV/0! | J53: =AVERAGE(Sheet1!J111:J115) -> 31.54 | K53: =AVERAGE(Sheet1!K111:K115) -> 18.58 | M53: =AVERAGE(Sheet1!M111:M115) -> 558
A54: 7 | B54: =Sheet1!B116 -> 3 | E54: =Sheet1!E116 -> 4 | F54: =Sheet1!F116 -> 3.5 | G54: =Sheet1!G116 -> 20.6 | I54: =Sheet1!I116 -> 3.3 | J54: =Sheet1!J116 -> 35.5 | K54: =Sheet1!K116 -> 24.3 | M54: =Sheet1!M116 -> 677
A55: 7 | B55: =Sheet1!B117 -> 4 | E55: =Sheet1!E117 -> 3.4 | F55: =Sheet1!F117 -> 2.8 | G55: =Sheet1!G117 -> 20.2 | I55: =Sheet1!I117 -> 2.1 | J55: =Sheet1!J117 -> 33.8 | K55: =Sheet1!K117 -> 18.8 | M55: =Sheet1!M117 -> 470
A56: 7 | B56: =Sheet1!B118 -> 5 | E56: =Sheet1!E118 -> 5.7 | F56: =Sheet1!F118 -> 4.6 | G56: =Sheet1!G118 -> 20.7 | I56: =Sheet1!I118 -> 2.7 | J56: =Sheet1!J118 -> 33.5 | K56: =Sheet1!K118 -> 18.7 | M56: =Sheet1!M118 -> 420
A57: 7 | B57: =Sheet1!B119 -> 6 | E57: =Sheet1!E119 -> 5.5 | F57: =Sheet1!F119 -> 3.5 | G57: =Sheet1!G119 -> 21.7 | I57: =Sheet1!I119 -> 2 | J57: =Sheet1!J119 -> 34.8 | K57: =Sheet1!K119 -> 15 | M57: =Sheet1!M119 -> 441
A58: 7 | B58: =Sheet1!B120 -> 7 | E58: =Sheet1!E120 -> 5.4 | F58: =Sheet1!F120 -> 4.7 | G58: =Sheet1!G120 -> 21.3 | I58: =Sheet1!I120 -> 3.3 | J58: =Sheet1!J120 -> 33.9 | K58: =Sheet1!K120 -> 20.5 | M58: =Sheet1!M120 -> 677
A59: 7 | B59: =Sheet1!B121 -> 8 | E59: =Sheet1!E121 -> 2.5 | F59: =Sheet1!F121 -> 3.3 | G59: =Sheet1!G121 -> 20.1 | I59: =Sheet1!I121 -> 2.9 | J59: =Sheet1!J121 -> 31.9 | K59: =Sheet1!K121 -> 19 | M59: =Sheet1!M121 -> 582
A60: 7 | B60: =Sheet1!B122 -> 9 | E60: =Sheet1!E122 -> 2.7 | F60: =Sheet1!F122 -> 3.5 | G60: =Sheet1!G122 -> 19.7 | I60: =Sheet1!I122 -> 2.6 | J60: =Sheet1!J122 -> 35.1 | K60: =Sheet1!K122 -> 23.2 | M60: =Sheet1!M122 -> 670
A61: 7 | B61: =Sheet1!B123 -> 10 | E61: =Sheet1!E123 -> 3.3 | F61: =Sheet1!F123 -> 3.3 | G61: =Sheet1!G123 -> 18.2 | I61: =Sheet1!I123 -> 3.4 | J61: =Sheet1!J123 -> 33.3 | K61: =Sheet1!K123 -> 16.5 | M61: =Sheet1!M123 -> 461
A62: 8 | B62: =Sheet1!B124 -> 1 | E62: =Sheet1!E124 -> 1.9 | F62: =Sheet1!F124 -> 2.2 | G62: =Sheet1!G124 -> 24 | I62: =Sheet1!I124 -> 4.3 | J62: =Sheet1!J124 -> 27.2 | K62: =Sheet1!K124 -> 23.5 | M62: =Sheet1!M124 -> 1281
A63: 8 | B63: =Sheet1!B125 -> 2 | E63: =AVERAGE(Sheet1!E125:E127) -> 1.9 | F63: =AVERAGE(Sheet1!F125:F127) -> 1.8333333 | G63: =AVERAGE(Sheet1!G125:G127) -> 23.3 | I63: =AVERAGE(Sheet1!I125:I127) -> 5 | J63: =AVERAGE(Sheet1!J125:J127) -> 25.066667 | K63: =AVERAGE(Sheet1!K125:K127) -> 22.566667 | M63: =AVERAGE(Sheet1!M125:M127) -> 947
A64: 8 | B64: =Sheet1!B128 -> 3 | E64: =Sheet1!E128 -> 0.2 | F64: =Sheet1!F128 -> 1.9 | G64: =Sheet1!G128 -> 20.1 | I64: =Sheet1!I128 -> 6 | J64: =Sheet1!J128 -> 26.4 | K64: =Sheet1!K128 -> 20 | M64: =Sheet1!M128 -> 1050
A65: 8 | B65: =Sheet1!B129 -> 4 | E65: =Sheet1!E129 -> 4.6 | F65: =Sheet1!F129 -> 2.2 | G65: =Sheet1!G129 -> 21.1 | I65: =Sheet1!I129 -> 5.2 | J65: =Sheet1!J129 -> 26.8 | K65: =Sheet1!K129 -> 20.4 | M65: =Sheet1!M129 -> 1123
A66: 8 | B66: =Sheet1!B130 -> 5 | E66: =Sheet1!E130 -> 3.2 | F66: =Sheet1!F130 -> 1.8 | G66: =Sheet1!G130 -> 24.5 | I66: =Sheet1!I130 -> 7.8 | J66: =Sheet1!J130 -> 28.6 | K66: =Sheet1!K130 -> 25.8 | M66: =Sheet1!M130 -> 699
A67: 8 | B67: =Sheet1!B131 -> 6 | E67: =Sheet1!E131 -> 4.6 | F67: =Sheet1!F131 -> 1.6 | G67: =Sheet1!G131 -> 24.3 | I67: =Sheet1!I131 -> 5.5 | J67: =Sheet1!J131 -> 25.7 | K67: =Sheet1!K131 -> 23.3 | M67: =Sheet1!M131 -> 1011
A68: 8 | B68: =Sheet1!B132 -> 7 | E68: =Sheet1!E132 -> 0.4 | F68: =Sheet1!F132 -> 1.9 | G68: =Sheet1!G132 -> 21.1 | I68: =Sheet1!I132 -> 6.4 | J68: =Sheet1!J132 -> 28.3 | K68: =Sheet1!K132 -> 20.9 | M68: =Sheet1!M132 -> 989
A69: 8 | B69: =Sheet1!B133 -> 8 | E69: =Sheet1!E133 -> 4.3 | F69: =Sheet1!F133 -> 1.9 | G69: =Sheet1!G133 -> 21.1 | I69: =Sheet1!I133 -> 7.9 | J69: =Sheet1!J133 -> 24.2 | K69: =Sheet1!K133 -> 22.1 | M69: =Sheet1!M133 -> 1209
A70: 8 | B70: =Sheet1!B134 -> 9 | E70: =Sheet1!E134 -> 1.9 | F70: =Sheet1!F134 -> 1.8 | G70: =Sheet1!G134 -> 22.4 | I70: =Sheet1!I134 -> 5.8 | J70: =Sheet1!J134 -> 26.1 | K70: =Sheet1!K134 -> 22.2 | M70: =Sheet1!M134 -> 989
A71: 8 | B71: =Sheet1!B135 -> 10 | E71: =Sheet1!E135 -> 1.2 | F71: =Sheet1!F135 -> 2 | G71: =Sheet1!G135 -> 20.8 | I71: =Sheet1!I135 -> 6.9 | J71: =Sheet1!J135 -> 26 | K71: =Sheet1!K135 -> 24.4 | M71: =Sheet1!M135 -> 835
A72: 9 | B72: =Sheet1!B136 -> 1 | E72: =Sheet1!E136 -> 2.87 | F72: =Sheet1!F136 -> 3 | G72: =Sheet1!G136 -> 30.8 | I72: =Sheet1!I136 -> 3.7 | J72: =Sheet1!J136 -> 24.8 | K72: =Sheet1!K136 -> 22 | M72: =Sheet1!M136 -> 482
A73: 9 | B73: =Sheet1!B137 -> 2 | E73: =AVERAGE(Sheet1!E137:E142) -> 1.85 | F73: =AVERAGE(Sheet1!F137:F142) -> 2.3 | G73: =AVERAGE(Sheet1!G137:G142) -> 27.3 | I73: =AVERAGE(Sheet1!I137:I142) -> #DIV/0! | J73: =AVERAGE(Sheet1!J137:J142) -> 29.75 | K73: =AVERAGE(Sheet1!K137:K142) -> 22.716667 | M73: =AVERAGE(Sheet1!M137:M142) -> 796
A74: 9 | B74: =Sheet1!B143 -> 3 | E74: =Sheet1!E143 -> 2.16 | F74: =Sheet1!F143 -> 3.1 | G74: =Sheet1!G143 -> 25.8 | I74: =Sheet1!I143 -> 3.3 | J74: =Sheet1!J143 -> 24.2 | K74: =Sheet1!K143 -> 17.2 | M74: =Sheet1!M143 -> 530
A75: 10 | B75: 1 | E75: =Sheet1!E144 -> 2.42 | F75: =Sheet1!F144 -> 2.8 | G75: =Sheet1!G144 -> 34.42 | I75: =Sheet1!I144 -> 7 | J75: =Sheet1!J144 -> 37.2 | K75: =Sheet1!K144 -> 24.48 | M75: =Sheet1!M144 -> 1043
A76: 10 | B76: 2 | E76: =AVERAGE(Sheet1!E145:E151) -> 1.5471429 | F76: =AVERAGE(Sheet1!F145:F151) -> 2.9428571 | G76: =AVERAGE(Sheet1!G145:G151) -> 37.814286 | I76: =AVERAGE(Sheet1!I145:I151) -> #DIV/0! | J76: =AVERAGE(Sheet1!J145:J151) -> 32.642857 | K76: =AVERAGE(Sheet1!K145:K151) -> 20.857143 | M76: =AVERAGE(Sheet1!M145:M151) -> 1006
A77: 10 | B77: =Sheet1!B152 -> 3 | E77: =Sheet1!E152 -> 2.21 | F77: =Sheet1!F152 -> 3.34 | G77: =Sheet1!G152 -> 38.2 | I77: =Sheet1!I152 -> 6.3 | J77: =Sheet1!J152 -> 29.1 | K77: =Sheet1!K152 -> 23.9 | M77: =Sheet1!M152 -> 1065
A78: 10 | B78: =Sheet1!B153 -> 4 | E78: =Sheet1!E153 -> 2.29 | F78: =Sheet1!F153 -> 2.72 | G78: =Sheet1!G153 -> 40.9 | I78: =Sheet1!I153 -> 6.1 | J78: =Sheet1!J153 -> 34.6 | K78: =Sheet1!K153 -> 26.49 | M78: =Sheet1!M153 -> 1064
A79: 10 | B79: =Sheet1!B154 -> 5 | E79: =Sheet1!E154 -> 2.57 | F79: =Sheet1!F154 -> 3.23 | G79: =Sheet1!G154 -> 35.9 | I79: =Sheet1!I154 -> 7 | J79: =Sheet1!J154 -> 33.4 | K79: =Sheet1!K154 -> 21.31 | M79: =Sheet1!M154 -> 747
A80: 10 | B80: =Sheet1!B155 -> 6 | E80: =Sheet1!E155 -> 2.39 | F80: =Sheet1!F155 -> 3.32 | G80: =Sheet1!G155 -> 40.6 | I80: =Sheet1!I155 -> 5.8 | J80: =Sheet1!J155 -> 32.5 | K80: =Sheet1!K155 -> 23.5 | M80: =Sheet1!M155 -> 1231
A81: 10 | B81: =Sheet1!B156 -> 7 | E81: =Sheet1!E156 -> 2.63 | F81: =Sheet1!F156 -> 3.28 | G81: =Sheet1!G156 -> 38.7 | I81: =Sheet1!I156 -> 6.8 | J81: =Sheet1!J156 -> 32.2 | K81: =Sheet1!K156 -> 22.53 | M81: =Sheet1!M156 -> 1222
A82: 10 | B82: =Sheet1!B157 -> 8 | E82: =Sheet1!E157 -> 3 | F82: =Sheet1!F157 -> 3.3 | G82: =Sheet1!G157 -> 39.14 | I82: =Sheet1!I157 -> 6.3 | J82: =Sheet1!J157 -> 31.5 | K82: =Sheet1!K157 -> 23.3 | M82: =Sheet1!M157 -> 1042
A83: 10 | B83: =Sheet1!B158 -> 9 | E83: =Sheet1!E158 -> 2.23 | F83: =Sheet1!F158 -> 3.17 | G83: =Sheet1!G158 -> 36.7 | I83: =Sheet1!I158 -> 7 | J83: =Sheet1!J158 -> 32.7 | K83: =Sheet1!K158 -> 22.9 | M83: =Sheet1!M158 -> 698
A84: 10 | B84: =Sheet1!B159 -> 10 | E84: =Sheet1!E159 -> 1.88 | F84: =Sheet1!F159 -> 2.5 | G84: =Sheet1!G159 -> 40.8 | I84: =Sheet1!I159 -> 6 | J84: =Sheet1!J159 -> 33.2 | K84: =Sheet1!K159 -> 23 | M84: =Sheet1!M159 -> 1078
A85: 11 | B85: =Sheet1!B160 -> 1 | E85: =Sheet1!E160 -> 3.6 | F85: =Sheet1!F160 -> 2.7 | G85: =Sheet1!G160 -> 25.11 | I85: =Sheet1!I160 -> 6 | J85: =Sheet1!J160 -> 29.5 | K85: =Sheet1!K160 -> 26.17 | M85: =Sheet1!M160 -> 1123
A86: 11 | B86: =Sheet1!B161 -> 2 | E86: =AVERAGE(Sheet1!E161:E166) -> 1.9666667 | F86: =AVERAGE(Sheet1!F161:F166) -> 2.6333333 | G86: =AVERAGE(Sheet1!G161:G166) -> 25.333333 | I86: =AVERAGE(Sheet1!I161:I166) -> #DIV/0! | J86: =AVERAGE(Sheet1!J161:J166) -> 33.116667 | K86: =AVERAGE(Sheet1!K161:K166) -> 27.033333 | M86: =AVERAGE(Sheet1!M161:M166) -> 1127
A87: 12 | B87: =Sheet1!B167 -> 1 | E87: =Sheet1!E167 -> 0.58 | F87: =Sheet1!F167 -> 2.6 | G87: =Sheet1!G167 -> 25.11 | I87: =Sheet1!I167 -> 2.4 | J87: =Sheet1!J167 -> 32.2 | K87: =Sheet1!K167 -> 33.13 | M87: =Sheet1!M167 -> 790
A88: 12 | B88: =Sheet1!B163 -> 2 | E88: =AVERAGE(Sheet1!E168:E173) -> 1.7 | F88: =AVERAGE(Sheet1!F168:F173) -> 2.2666667 | G88: =AVERAGE(Sheet1!G168:G173) -> 20.616667 | I88: =AVERAGE(Sheet1!I168:I173) -> #DIV/0! | J88: =AVERAGE(Sheet1!J168:J173) -> 37.45 | K88: =AVERAGE(Sheet1!K168:K173) -> 23.95 | M88: =AVERAGE(Sheet1!M168:M173) -> 571
A89: 12 | B89: =Sheet1!B174 -> 3 | E89: =Sheet1!E174 -> 1.3 | F89: =Sheet1!F174 -> 2.6 | G89: =Sheet1!G174 -> 18.45 | I89: =Sheet1!I174 -> 0 | J89: =Sheet1!J174 -> 34.4 | K89: =Sheet1!K174 -> 29 | M89: =Sheet1!M174 -> 982
A90: 13 | B90: =Sheet1!B175 -> 1 | E90: =Sheet1!E175 -> 0.63 | F90: =Sheet1!F175 -> 2.7 | G90: =Sheet1!G175 -> 25.13 | I90: =Sheet1!I175 -> 5.8 | J90: =Sheet1!J175 -> 31.3 | K90: =Sheet1!K175 -> 22.2 | M90: =Sheet1!M175 -> 749
A91: 13 | B91: =Sheet1!B176 -> 2 | E91: =Sheet1!E176 -> 1.12 | F91: =Sheet1!F176 -> 3.1 | G91: =Sheet1!G176 -> 26.79 | I91: =Sheet1!I176 -> 8.6 | J91: =Sheet1!J176 -> 31.9 | K91: =Sheet1!K176 -> 19.5 | M91: =Sheet1!M176 -> 740
A92: 13 | B92: =Sheet1!B177 -> 3 | E92: =Sheet1!E177 -> 1.33 | F92: =Sheet1!F177 -> 1.5 | G92: =Sheet1!G177 -> 27.7 | I92: =Sheet1!I177 -> 8.7 | J92: =Sheet1!J177 -> 28.4 | K92: =Sheet1!K177 -> 22.7 | M92: =Sheet1!M177 -> 896
A93: 13 | B93: =Sheet1!B178 -> 4 | E93: =Sheet1!E178 -> 3.8 | F93: =Sheet1!F178 -> 1.75 | G93: =Sheet1!G178 -> 25.47 | I93: =Sheet1!I178 -> 7.6 | J93: =Sheet1!J178 -> 30.9 | K93: =Sheet1!K178 -> 25.1 | M93: =Sheet1!M178 -> 896
A94: 13 | B94: =Sheet1!B179 -> 5 | E94: =Sheet1!E179 -> 1.18 | F94: =Sheet1!F179 -> 2 | G94: =Sheet1!G179 -> 22.8 | I94: =Sheet1!I179 -> 6.2 | J94: =Sheet1!J179 -> 31.7 | K94: =Sheet1!K179 -> 22.5 | M94: =Sheet1!M179 -> 896
A95: 13 | B95: =Sheet1!B180 -> 6 | E95: =AVERAGE(Sheet1!E180:E185) -> 0.7 | F95: =AVERAGE(Sheet1!F180:F185) -> 1.9333333 | G95: =AVERAGE(Sheet1!G180:G185) -> 23.383333 | I95: =AVERAGE(Sheet1!I180:I185) -> #DIV/0! | J95: =AVERAGE(Sheet1!J180:J185) -> 30.4 | K95: =AVERAGE(Sheet1!K180:K185) -> 17.466667 | M95: =AVERAGE(Sheet1!M180:M185) -> 940
A96: 13 | B96: =Sheet1!B186 -> 7 | E96: =Sheet1!E186 -> 1.18 | F96: =Sheet1!F186 -> 3.4 | G96: =Sheet1!G186 -> 23.2 | I96: =Sheet1!I186 -> 6.9 | J96: =Sheet1!J186 -> 28.4 | K96: =Sheet1!K186 -> 20.8 | M96: =Sheet1!M186 -> 795
A97: 13 | B97: =Sheet1!B187 -> 8 | E97: =Sheet1!E187 -> 1.27 | F97: =Sheet1!F187 -> 2.1 | G97: =Sheet1!G187 -> 19.6 | I97: =Sheet1!I187 -> 6.2 | J97: =Sheet1!J187 -> 31 | K97: =Sheet1!K187 -> 23.6 | M97: =Sheet1!M187 -> 749
A98: 13 | B98: =Sheet1!B188 -> 9 | E98: =Sheet1!E188 -> 0.33 | F98: =Sheet1!F188 -> 2.1 | G98: =Sheet1!G188 -> 17.8 | I98: =Sheet1!I188 -> 3.8 | J98: =Sheet1!J188 -> 28.5 | K98: =Sheet1!K188 -> 24.6 | M98: =Sheet1!M188 -> 795
A99: 13 | B99: =Sheet1!B189 -> 10 | E99: =Sheet1!E189 -> 3.1 | F99: =Sheet1!F189 -> 2.95 | G99: =Sheet1!G189 -> 20.9 | I99: =Sheet1!I189 -> 4.2 | J99: =Sheet1!J189 -> 28 | K99: =Sheet1!K189 -> 23.3 | M99: =Sheet1!M189 -> 871
A100: 14 | B100: =Sheet1!B190 -> 1 | E100: =Sheet1!E190 -> 2.17 | F100: =Sheet1!F190 -> 2.7 | G100: =Sheet1!G190 -> 29.9 | I100: =Sheet1!I190 -> 9.5 | J100: =Sheet1!J190 -> 37 | K100: =Sheet1!K190 -> 36.78 | M100: =Sheet1!M190 -> 830
A101: 14 | B101: =Sheet1!B191 -> 2 | E101: =AVERAGE(Sheet1!E191:E197) -> 2.0285714 | F101: =AVERAGE(Sheet1!F191:F197) -> 2.2857143 | G101: =AVERAGE(Sheet1!G191:G197) -> 25.171429 | I101: =AVERAGE(Sheet1!I191:I197) -> #DIV/0! | J101: =AVERAGE(Sheet1!J191:J197) -> 34.557143 | K101: =AVERAGE(Sheet1!K191:K197) -> 32.828571 | M101: =AVERAGE(Sheet1!M191:M197) -> 813
A102: 14 | B102: =Sheet1!B198 -> 3 | E102: =Sheet1!E198 -> 2 | F102: =Sheet1!F198 -> 2.7 | G102: =Sheet1!G198 -> 27.5 | I102: =Sheet1!I198 -> 8.7 | J102: =Sheet1!J198 -> 30.9 | K102: =Sheet1!K198 -> 31.4 | M102: =Sheet1!M198 -> 800
A103: 14 | B103: =Sheet1!B199 -> 4 | E103: =Sheet1!E199 -> 3.58 | F103: =Sheet1!F199 -> 1.5 | G103: =Sheet1!G199 -> 29.67 | I103: =Sheet1!I199 -> 10 | J103: =Sheet1!J199 -> 36.4 | K103: =Sheet1!K199 -> 33.7 | M103: =Sheet1!M199 -> 821
A104: 15 | B104: =Sheet1!B200 -> 1 | E104: =Sheet1!E200 -> 3.42 | F104: =Sheet1!F200 -> 3.4 | G104: =Sheet1!G200 -> 18.8 | I104: =Sheet1!I200 -> 5.3 | J104: =Sheet1!J200 -> 35.2 | K104: =Sheet1!K200 -> 24.9 | M104: =Sheet1!M200 -> 876
A105: 15 | B105: =Sheet1!B201 -> 2 | E105: =AVERAGE(Sheet1!E201:E203) -> 2.55 | F105: =AVERAGE(Sheet1!F201:F203) -> 2.6333333 | G105: =AVERAGE(Sheet1!G201:G203) -> 17.9 | I105: =AVERAGE(Sheet1!I201:I203) -> #DIV/0! | J105: =AVERAGE(Sheet1!J201:J203) -> 33.633333 | K105: =AVERAGE(Sheet1!K201:K203) -> 21.366667 | M105: =AVERAGE(Sheet1!M201:M203) -> 862
A106: 15 | B106: =Sheet1!B204 -> 3 | E106: =Sheet1!E204 -> 3.62 | F106: =Sheet1!F204 -> 3.38 | G106: =Sheet1!G204 -> 20.9 | I106: =Sheet1!I204 -> 4.1 | J106: =Sheet1!J204 -> 36 | K106: =Sheet1!K204 -> 22.18 | M106: =Sheet1!M204 -> 862
A107: 15 | B107: =Sheet1!B205 -> 4 | E107: =Sheet1!E205 -> 2.28 | F107: =Sheet1!F205 -> 3.24 | G107: =Sheet1!G205 -> 20.78 | I107: =Sheet1!I205 -> 4.4 | J107: =Sheet1!J205 -> 34 | K107: =Sheet1!K205 -> 22.46 | M107: =Sheet1!M205 -> 862
A108: 15 | B108: =Sheet1!B206 -> 5 | E108: =Sheet1!E206 -> 2.79 | F108: =Sheet1!F206 -> 2.4 | G108: =Sheet1!G206 -> 18.3 | I108: =Sheet1!I206 -> 3.7 | J108: =Sheet1!J206 -> 35.4 | K108: =Sheet1!K206 -> 25.14 | M108: =Sheet1!M206 -> 848
...
